{
  "seed": 1302,
  "rl": {
    "intake": 17.742441177368164,
    "reward": 132541.87490843717,
    "gini": 0.7554284742544027,
    "efficiency_percent": 0.769069838637545
  },
  "baseline": {
    "intake": 1.811126470565796,
    "reward": -13908.275685652312,
    "gini": 0.7198771124314195,
    "efficiency_percent": 100.0
  },
  "comparison": {
    "rl_vs_baseline_intake_percent": 979.6356834111881,
    "baseline_advantage": -15.931314706802368
  }
}